,checking_status,duration,credit_history,credit_amount,employment,personal_status,other_parties,residence_since,property_magnitude,age,housing,existing_credits,job,num_dependents,own_telephone,foreign_worker,class
0,<0,6.0,critical/other existing credit,1169.0,>=7,male single,none,4.0,real estate,67.0,own,2.0,skilled,1.0,yes,yes,good
1,0<=X<200,48.0,existing paid,5951.0,1<=X<4,female div/dep/mar,none,2.0,real estate,22.0,own,1.0,skilled,1.0,none,yes,bad
2,no checking,12.0,critical/other existing credit,2096.0,4<=X<7,male single,none,3.0,real estate,49.0,own,1.0,unskilled resident,2.0,none,yes,good
3,<0,42.0,existing paid,7882.0,4<=X<7,male single,guarantor,4.0,life insurance,45.0,for free,1.0,skilled,2.0,none,yes,good
4,<0,24.0,delayed previously,4870.0,1<=X<4,male single,none,4.0,no known property,53.0,for free,2.0,skilled,2.0,none,yes,bad
5,no checking,36.0,existing paid,9055.0,1<=X<4,male single,none,4.0,no known property,35.0,for free,1.0,unskilled resident,2.0,yes,yes,good
6,no checking,24.0,existing paid,2835.0,>=7,male single,none,4.0,life insurance,53.0,own,1.0,skilled,1.0,none,yes,good
7,0<=X<200,36.0,existing paid,6948.0,1<=X<4,male single,none,2.0,car,35.0,rent,1.0,high qualif/self emp/mgmt,1.0,yes,yes,good
8,no checking,12.0,existing paid,3059.0,4<=X<7,male div/sep,none,4.0,real estate,61.0,own,1.0,unskilled resident,1.0,none,yes,good
9,0<=X<200,30.0,critical/other existing credit,5234.0,unemployed,male mar/wid,none,2.0,car,28.0,own,2.0,high qualif/self emp/mgmt,1.0,none,yes,bad
10,0<=X<200,12.0,existing paid,1295.0,<1,female div/dep/mar,none,1.0,car,25.0,rent,1.0,skilled,1.0,none,yes,bad
11,<0,48.0,existing paid,4308.0,<1,female div/dep/mar,none,4.0,life insurance,24.0,rent,1.0,skilled,1.0,none,yes,bad
12,0<=X<200,12.0,existing paid,1567.0,1<=X<4,female div/dep/mar,none,1.0,car,22.0,own,1.0,skilled,1.0,yes,yes,good
13,<0,24.0,critical/other existing credit,1199.0,>=7,male single,none,4.0,car,60.0,own,2.0,unskilled resident,1.0,none,yes,bad
14,<0,15.0,existing paid,1403.0,1<=X<4,female div/dep/mar,none,4.0,car,28.0,rent,1.0,skilled,1.0,none,yes,good
15,<0,24.0,existing paid,1282.0,1<=X<4,female div/dep/mar,none,2.0,car,32.0,own,1.0,unskilled resident,1.0,none,yes,bad
16,no checking,24.0,critical/other existing credit,2424.0,>=7,male single,none,4.0,life insurance,53.0,own,2.0,skilled,1.0,none,yes,good
17,<0,30.0,no credits/all paid,8072.0,<1,male single,none,3.0,car,25.0,own,3.0,skilled,1.0,none,yes,good
18,0<=X<200,24.0,existing paid,12579.0,>=7,female div/dep/mar,none,2.0,no known property,44.0,for free,1.0,high qualif/self emp/mgmt,1.0,yes,yes,bad
19,no checking,24.0,existing paid,3430.0,>=7,male single,none,2.0,car,31.0,own,1.0,skilled,2.0,yes,yes,good
20,no checking,9.0,critical/other existing credit,2134.0,1<=X<4,male single,none,4.0,car,48.0,own,3.0,skilled,1.0,yes,yes,good
21,<0,6.0,existing paid,2647.0,1<=X<4,male single,none,3.0,real estate,44.0,rent,1.0,skilled,2.0,none,yes,good
22,<0,10.0,critical/other existing credit,2241.0,<1,male single,none,3.0,real estate,48.0,rent,2.0,unskilled resident,2.0,none,no,good
23,0<=X<200,12.0,critical/other existing credit,1804.0,<1,male single,none,4.0,life insurance,44.0,own,1.0,skilled,1.0,none,yes,good
24,no checking,10.0,critical/other existing credit,2069.0,1<=X<4,male mar/wid,none,1.0,car,26.0,own,2.0,skilled,1.0,none,no,good
25,<0,6.0,existing paid,1374.0,1<=X<4,male single,none,2.0,real estate,36.0,own,1.0,unskilled resident,1.0,yes,yes,good
26,no checking,6.0,no credits/all paid,426.0,>=7,male mar/wid,none,4.0,car,39.0,own,1.0,unskilled resident,1.0,none,yes,good
27,>=200,12.0,all paid,409.0,1<=X<4,female div/dep/mar,none,3.0,real estate,42.0,rent,2.0,skilled,1.0,none,yes,good
28,0<=X<200,7.0,existing paid,2415.0,1<=X<4,male single,guarantor,2.0,real estate,34.0,own,1.0,skilled,1.0,none,yes,good
29,<0,60.0,delayed previously,6836.0,>=7,male single,none,4.0,no known property,63.0,own,2.0,skilled,1.0,yes,yes,bad
30,0<=X<200,18.0,existing paid,1913.0,<1,male mar/wid,none,3.0,real estate,36.0,own,1.0,skilled,1.0,yes,yes,good
31,<0,24.0,existing paid,4020.0,1<=X<4,male single,none,2.0,car,27.0,own,1.0,skilled,1.0,none,yes,good
32,0<=X<200,18.0,existing paid,5866.0,1<=X<4,male single,none,2.0,car,30.0,own,2.0,skilled,1.0,yes,yes,good
33,no checking,12.0,critical/other existing credit,1264.0,>=7,male single,none,4.0,no known property,57.0,rent,1.0,unskilled resident,1.0,none,yes,good
34,>=200,12.0,existing paid,1474.0,<1,female div/dep/mar,none,1.0,life insurance,33.0,own,1.0,high qualif/self emp/mgmt,1.0,yes,yes,good
35,0<=X<200,45.0,critical/other existing credit,4746.0,<1,male single,none,2.0,life insurance,25.0,own,2.0,unskilled resident,1.0,none,yes,bad
36,no checking,48.0,critical/other existing credit,6110.0,1<=X<4,male single,none,3.0,no known property,31.0,for free,1.0,skilled,1.0,yes,yes,good
37,>=200,18.0,existing paid,2100.0,1<=X<4,male single,co applicant,2.0,real estate,37.0,own,1.0,skilled,1.0,none,yes,bad
38,>=200,10.0,existing paid,1225.0,1<=X<4,male single,none,2.0,car,37.0,own,1.0,skilled,1.0,yes,yes,good
39,0<=X<200,9.0,existing paid,458.0,1<=X<4,male single,none,3.0,real estate,24.0,own,1.0,skilled,1.0,none,yes,good
40,no checking,30.0,existing paid,2333.0,>=7,male single,none,2.0,car,30.0,own,1.0,high qualif/self emp/mgmt,1.0,none,yes,good
41,0<=X<200,12.0,existing paid,1158.0,1<=X<4,male div/sep,none,1.0,car,26.0,own,1.0,skilled,1.0,yes,yes,good
42,0<=X<200,18.0,delayed previously,6204.0,1<=X<4,male single,none,4.0,real estate,44.0,own,1.0,unskilled resident,2.0,yes,yes,good
43,<0,30.0,critical/other existing credit,6187.0,4<=X<7,male mar/wid,none,4.0,car,24.0,rent,2.0,skilled,1.0,none,yes,good
44,<0,48.0,critical/other existing credit,6143.0,>=7,female div/dep/mar,none,4.0,no known property,58.0,for free,2.0,unskilled resident,1.0,none,yes,bad
45,no checking,11.0,critical/other existing credit,1393.0,<1,female div/dep/mar,none,4.0,car,35.0,own,2.0,high qualif/self emp/mgmt,1.0,none,yes,good
46,no checking,36.0,existing paid,2299.0,>=7,male single,none,4.0,car,39.0,own,1.0,skilled,1.0,none,yes,good
47,<0,6.0,existing paid,1352.0,unemployed,female div/dep/mar,none,2.0,life insurance,23.0,rent,1.0,unemp/unskilled non res,1.0,yes,yes,good
48,no checking,11.0,critical/other existing credit,7228.0,1<=X<4,male single,none,4.0,life insurance,39.0,own,2.0,unskilled resident,1.0,none,yes,good
49,no checking,12.0,existing paid,2073.0,1<=X<4,female div/dep/mar,co applicant,2.0,real estate,28.0,own,1.0,skilled,1.0,none,yes,good
50,0<=X<200,24.0,delayed previously,2333.0,<1,male single,none,2.0,life insurance,29.0,own,1.0,unskilled resident,1.0,none,yes,good
51,0<=X<200,27.0,delayed previously,5965.0,>=7,male single,none,2.0,car,30.0,own,2.0,high qualif/self emp/mgmt,1.0,yes,yes,good
52,no checking,12.0,existing paid,1262.0,1<=X<4,male single,none,2.0,car,25.0,own,1.0,skilled,1.0,none,yes,good
53,no checking,18.0,existing paid,3378.0,1<=X<4,male single,none,1.0,life insurance,31.0,own,1.0,skilled,1.0,yes,yes,good
54,0<=X<200,36.0,delayed previously,2225.0,>=7,male single,none,4.0,no known property,57.0,for free,2.0,skilled,1.0,yes,yes,bad
55,no checking,6.0,all paid,783.0,1<=X<4,male single,guarantor,2.0,real estate,26.0,own,1.0,unskilled resident,2.0,none,yes,good
56,0<=X<200,12.0,existing paid,6468.0,unemployed,male single,none,1.0,no known property,52.0,own,1.0,high qualif/self emp/mgmt,1.0,yes,yes,bad
57,no checking,36.0,critical/other existing credit,9566.0,1<=X<4,female div/dep/mar,none,2.0,car,31.0,own,2.0,skilled,1.0,none,yes,good
58,>=200,18.0,existing paid,1961.0,>=7,female div/dep/mar,none,2.0,car,23.0,own,1.0,high qualif/self emp/mgmt,1.0,none,yes,good
59,<0,36.0,critical/other existing credit,6229.0,<1,female div/dep/mar,co applicant,4.0,no known property,23.0,rent,2.0,unskilled resident,1.0,yes,yes,bad
60,0<=X<200,9.0,existing paid,1391.0,1<=X<4,male mar/wid,none,1.0,real estate,27.0,own,1.0,skilled,1.0,yes,yes,good
61,0<=X<200,15.0,critical/other existing credit,1537.0,>=7,male single,guarantor,-1.0,real estate,50.0,own,2.0,skilled,1.0,yes,yes,good
62,0<=X<200,36.0,no credits/all paid,1953.0,>=7,male single,none,4.0,no known property,61.0,for free,1.0,high qualif/self emp/mgmt,1.0,yes,yes,bad
63,0<=X<200,48.0,no credits/all paid,14421.0,1<=X<4,male single,none,2.0,car,25.0,own,1.0,skilled,1.0,yes,yes,bad
64,no checking,24.0,existing paid,3181.0,<1,female div/dep/mar,none,4.0,life insurance,26.0,own,1.0,skilled,1.0,yes,yes,good
65,no checking,27.0,existing paid,5190.0,>=7,male single,none,4.0,life insurance,48.0,own,4.0,skilled,2.0,yes,yes,good
66,no checking,12.0,existing paid,2171.0,<1,female div/dep/mar,none,2.0,car,29.0,own,1.0,skilled,1.0,none,yes,good
67,0<=X<200,12.0,existing paid,1007.0,1<=X<4,male mar/wid,none,1.0,real estate,22.0,own,1.0,skilled,1.0,none,yes,good
68,no checking,36.0,existing paid,1819.0,1<=X<4,male single,none,4.0,no known property,37.0,for free,1.0,skilled,1.0,yes,yes,bad
69,no checking,36.0,existing paid,2394.0,1<=X<4,female div/dep/mar,none,4.0,car,25.0,own,1.0,skilled,1.0,none,yes,good
70,no checking,36.0,existing paid,8133.0,1<=X<4,female div/dep/mar,none,2.0,life insurance,30.0,own,1.0,skilled,1.0,none,yes,good
71,no checking,7.0,critical/other existing credit,730.0,>=7,male single,none,2.0,life insurance,46.0,rent,2.0,unskilled resident,1.0,yes,yes,good
72,<0,8.0,critical/other existing credit,1164.0,>=7,male single,none,4.0,no known property,51.0,for free,2.0,high qualif/self emp/mgmt,2.0,yes,yes,good
73,0<=X<200,42.0,critical/other existing credit,5954.0,4<=X<7,female div/dep/mar,none,1.0,real estate,41.0,own,2.0,unskilled resident,1.0,none,yes,good
74,<0,36.0,existing paid,1977.0,>=7,male single,none,4.0,no known property,40.0,own,1.0,high qualif/self emp/mgmt,1.0,yes,yes,bad
75,<0,12.0,critical/other existing credit,1526.0,>=7,male single,none,4.0,no known property,66.0,for free,2.0,high qualif/self emp/mgmt,1.0,none,yes,good
76,<0,42.0,existing paid,3965.0,<1,male single,none,3.0,car,34.0,own,1.0,skilled,1.0,none,yes,bad
77,0<=X<200,11.0,delayed previously,4771.0,4<=X<7,male single,none,4.0,life insurance,51.0,own,1.0,skilled,1.0,none,yes,good
78,no checking,54.0,no credits/all paid,9436.0,1<=X<4,male single,none,2.0,life insurance,39.0,own,1.0,unskilled resident,2.0,none,yes,good
79,0<=X<200,30.0,existing paid,3832.0,<1,male mar/wid,none,1.0,life insurance,22.0,own,1.0,skilled,1.0,none,yes,good
80,no checking,24.0,existing paid,5943.0,<1,female div/dep/mar,none,1.0,car,44.0,own,2.0,skilled,1.0,yes,yes,bad
81,no checking,15.0,existing paid,1213.0,>=7,male single,none,3.0,life insurance,47.0,own,1.0,skilled,1.0,yes,yes,good
82,no checking,18.0,existing paid,1568.0,1<=X<4,female div/dep/mar,none,4.0,life insurance,24.0,rent,1.0,unskilled resident,1.0,none,yes,good
83,<0,24.0,existing paid,1755.0,>=7,female div/dep/mar,guarantor,4.0,real estate,58.0,own,1.0,unskilled resident,1.0,yes,yes,good
84,<0,10.0,existing paid,2315.0,>=7,male single,none,4.0,real estate,52.0,own,1.0,unskilled resident,1.0,none,yes,good
85,no checking,12.0,critical/other existing credit,1412.0,1<=X<4,female div/dep/mar,guarantor,2.0,real estate,29.0,own,2.0,high qualif/self emp/mgmt,1.0,yes,yes,good
86,0<=X<200,18.0,critical/other existing credit,1295.0,<1,female div/dep/mar,none,1.0,life insurance,27.0,own,2.0,skilled,1.0,none,yes,good
87,0<=X<200,36.0,existing paid,12612.0,1<=X<4,male single,none,4.0,no known property,47.0,for free,1.0,skilled,2.0,yes,yes,bad
88,<0,18.0,existing paid,2249.0,4<=X<7,male single,none,3.0,car,30.0,own,1.0,high qualif/self emp/mgmt,2.0,yes,yes,good
89,<0,12.0,no credits/all paid,1108.0,4<=X<7,male single,none,3.0,real estate,28.0,own,2.0,skilled,1.0,none,yes,bad
90,no checking,12.0,critical/other existing credit,618.0,>=7,male single,none,4.0,real estate,56.0,own,1.0,skilled,1.0,none,yes,good
91,<0,12.0,critical/other existing credit,1409.0,>=7,male single,none,3.0,real estate,54.0,own,1.0,skilled,1.0,none,yes,good
92,no checking,12.0,critical/other existing credit,797.0,>=7,female div/dep/mar,none,3.0,life insurance,33.0,own,1.0,unskilled resident,2.0,none,yes,bad
93,>=200,24.0,critical/other existing credit,3617.0,>=7,male single,co applicant,4.0,no known property,20.0,rent,2.0,skilled,1.0,none,yes,good
94,0<=X<200,12.0,existing paid,1318.0,>=7,male single,none,4.0,real estate,54.0,own,1.0,skilled,1.0,yes,yes,good
95,0<=X<200,54.0,no credits/all paid,15945.0,<1,male single,none,4.0,no known property,58.0,rent,1.0,skilled,1.0,yes,yes,bad
96,no checking,12.0,critical/other existing credit,2012.0,4<=X<7,female div/dep/mar,none,2.0,car,61.0,own,1.0,skilled,1.0,none,yes,good
97,0<=X<200,18.0,existing paid,2622.0,1<=X<4,male single,none,4.0,car,34.0,own,1.0,skilled,1.0,none,yes,good
98,0<=X<200,36.0,critical/other existing credit,2337.0,>=7,male single,none,4.0,real estate,36.0,own,1.0,skilled,1.0,none,yes,good
99,0<=X<200,20.0,delayed previously,7057.0,4<=X<7,male single,none,4.0,life insurance,36.0,rent,2.0,high qualif/self emp/mgmt,2.0,yes,yes,good
100,no checking,24.0,existing paid,1469.0,>=7,male mar/wid,none,4.0,real estate,41.0,rent,1.0,unskilled resident,1.0,none,yes,good
101,0<=X<200,36.0,existing paid,2323.0,4<=X<7,male single,none,4.0,car,24.0,rent,1.0,skilled,1.0,none,yes,good
102,no checking,6.0,delayed previously,932.0,1<=X<4,female div/dep/mar,none,2.0,real estate,24.0,own,1.0,skilled,1.0,none,yes,good
103,0<=X<200,9.0,critical/other existing credit,1919.0,4<=X<7,male single,none,3.0,car,35.0,rent,1.0,skilled,1.0,yes,yes,good
104,no checking,12.0,existing paid,2445.0,<1,male mar/wid,none,4.0,car,26.0,rent,1.0,skilled,1.0,yes,yes,good
105,0<=X<200,24.0,critical/other existing credit,11938.0,1<=X<4,male single,co applicant,3.0,car,39.0,own,2.0,high qualif/self emp/mgmt,2.0,yes,yes,bad
106,no checking,18.0,all paid,6458.0,>=7,male single,none,4.0,no known property,39.0,own,2.0,high qualif/self emp/mgmt,2.0,yes,yes,bad
107,0<=X<200,12.0,existing paid,6078.0,4<=X<7,male single,none,2.0,car,32.0,own,1.0,skilled,1.0,none,yes,good
108,<0,24.0,existing paid,7721.0,<1,female div/dep/mar,none,2.0,life insurance,30.0,own,1.0,skilled,1.0,yes,no,good
109,0<=X<200,14.0,existing paid,1410.0,>=7,male mar/wid,none,2.0,real estate,35.0,own,1.0,skilled,1.0,yes,yes,good
110,0<=X<200,6.0,delayed previously,1449.0,>=7,male div/sep,none,2.0,car,31.0,own,2.0,skilled,2.0,none,yes,good
111,>=200,15.0,existing paid,392.0,<1,female div/dep/mar,none,4.0,life insurance,23.0,rent,1.0,skilled,1.0,yes,yes,good
112,0<=X<200,18.0,existing paid,6260.0,4<=X<7,male single,none,3.0,real estate,28.0,rent,1.0,unskilled resident,1.0,none,yes,good
113,no checking,36.0,critical/other existing credit,7855.0,1<=X<4,female div/dep/mar,none,2.0,real estate,25.0,own,2.0,skilled,1.0,yes,yes,bad
114,<0,12.0,existing paid,1680.0,>=7,male mar/wid,none,1.0,real estate,35.0,own,1.0,skilled,1.0,none,yes,good
115,no checking,48.0,critical/other existing credit,3578.0,>=7,male single,none,1.0,real estate,47.0,own,1.0,skilled,1.0,yes,yes,good
116,<0,42.0,existing paid,7174.0,4<=X<7,female div/dep/mar,none,3.0,car,30.0,own,1.0,high qualif/self emp/mgmt,1.0,yes,yes,bad
117,<0,10.0,critical/other existing credit,2132.0,<1,female div/dep/mar,co applicant,3.0,real estate,27.0,rent,2.0,skilled,1.0,none,no,good
118,<0,33.0,critical/other existing credit,4281.0,1<=X<4,female div/dep/mar,none,4.0,car,23.0,own,2.0,skilled,1.0,none,yes,bad
119,0<=X<200,12.0,critical/other existing credit,2366.0,4<=X<7,male div/sep,none,3.0,car,36.0,own,1.0,high qualif/self emp/mgmt,1.0,yes,yes,good
120,<0,21.0,existing paid,1835.0,1<=X<4,female div/dep/mar,none,2.0,real estate,25.0,own,2.0,skilled,1.0,yes,yes,bad
121,no checking,24.0,critical/other existing credit,3868.0,>=7,female div/dep/mar,none,2.0,car,41.0,rent,2.0,high qualif/self emp/mgmt,1.0,yes,yes,good
122,no checking,12.0,existing paid,1768.0,1<=X<4,male single,none,2.0,real estate,24.0,rent,1.0,unskilled resident,1.0,none,yes,good
123,>=200,10.0,critical/other existing credit,781.0,>=7,male single,none,4.0,no known property,63.0,for free,2.0,skilled,1.0,yes,yes,good
124,0<=X<200,18.0,existing paid,1924.0,<1,female div/dep/mar,none,3.0,real estate,27.0,rent,1.0,skilled,1.0,none,yes,bad
125,<0,12.0,critical/other existing credit,2121.0,1<=X<4,male single,none,2.0,life insurance,30.0,own,2.0,skilled,1.0,none,yes,good
126,<0,12.0,existing paid,701.0,1<=X<4,male mar/wid,none,2.0,real estate,40.0,own,1.0,unskilled resident,1.0,none,yes,good
127,0<=X<200,12.0,existing paid,639.0,1<=X<4,male single,none,2.0,car,30.0,own,1.0,skilled,1.0,none,yes,bad
128,0<=X<200,12.0,critical/other existing credit,1860.0,unemployed,male single,none,2.0,car,34.0,own,2.0,high qualif/self emp/mgmt,1.0,yes,yes,good
129,<0,12.0,critical/other existing credit,3499.0,1<=X<4,female div/dep/mar,co applicant,2.0,real estate,29.0,own,2.0,skilled,1.0,none,yes,bad
130,0<=X<200,48.0,existing paid,8487.0,4<=X<7,female div/dep/mar,none,2.0,car,24.0,own,1.0,skilled,1.0,none,yes,good
131,<0,36.0,delayed previously,6887.0,1<=X<4,male single,none,3.0,life insurance,29.0,own,1.0,skilled,1.0,yes,yes,bad
132,no checking,15.0,existing paid,2708.0,<1,male single,none,3.0,life insurance,27.0,own,2.0,unskilled resident,1.0,none,yes,good
133,no checking,18.0,existing paid,1984.0,1<=X<4,male single,none,4.0,no known property,47.0,for free,2.0,skilled,1.0,none,yes,good
134,no checking,60.0,existing paid,10144.0,4<=X<7,female div/dep/mar,none,4.0,real estate,21.0,own,1.0,skilled,1.0,yes,yes,good
135,no checking,12.0,critical/other existing credit,1240.0,>=7,female div/dep/mar,none,2.0,real estate,38.0,own,2.0,skilled,1.0,yes,yes,good
136,no checking,27.0,delayed previously,8613.0,1<=X<4,male single,none,2.0,car,27.0,own,2.0,skilled,1.0,none,yes,good
137,0<=X<200,12.0,existing paid,766.0,1<=X<4,male single,none,3.0,real estate,66.0,own,1.0,unskilled resident,1.0,none,yes,bad
138,0<=X<200,15.0,critical/other existing credit,2728.0,4<=X<7,male single,guarantor,2.0,real estate,35.0,own,3.0,skilled,1.0,yes,yes,good
139,>=200,12.0,existing paid,1881.0,1<=X<4,female div/dep/mar,none,2.0,car,44.0,rent,1.0,unskilled resident,1.0,yes,yes,good
140,>=200,6.0,existing paid,709.0,<1,male mar/wid,none,2.0,real estate,27.0,own,1.0,unemp/unskilled non res,1.0,none,no,good
141,0<=X<200,36.0,existing paid,4795.0,<1,female div/dep/mar,none,1.0,no known property,30.0,own,1.0,high qualif/self emp/mgmt,1.0,yes,yes,good
142,<0,27.0,existing paid,3416.0,1<=X<4,male single,none,2.0,car,27.0,own,1.0,high qualif/self emp/mgmt,1.0,none,yes,good
143,<0,18.0,existing paid,2462.0,1<=X<4,male single,none,2.0,car,22.0,own,1.0,skilled,1.0,none,yes,bad
144,no checking,21.0,critical/other existing credit,2288.0,<1,female div/dep/mar,none,4.0,life insurance,23.0,own,1.0,skilled,1.0,yes,yes,good
145,0<=X<200,48.0,all paid,3566.0,4<=X<7,male single,none,2.0,car,30.0,own,1.0,skilled,1.0,none,yes,good
146,<0,6.0,critical/other existing credit,860.0,>=7,female div/dep/mar,none,4.0,no known property,39.0,own,2.0,skilled,1.0,yes,yes,good
147,no checking,12.0,critical/other existing credit,682.0,4<=X<7,female div/dep/mar,none,3.0,car,51.0,own,2.0,skilled,1.0,yes,yes,good
148,<0,36.0,critical/other existing credit,5371.0,1<=X<4,male single,guarantor,2.0,life insurance,28.0,own,2.0,skilled,1.0,none,yes,good
149,no checking,18.0,critical/other existing credit,1582.0,>=7,male single,none,4.0,car,46.0,own,2.0,skilled,1.0,none,yes,good
150,no checking,6.0,existing paid,1346.0,>=7,male single,none,4.0,no known property,42.0,for free,1.0,skilled,2.0,yes,yes,good
151,no checking,10.0,existing paid,1924.0,1<=X<4,male single,none,4.0,life insurance,38.0,own,1.0,skilled,1.0,yes,no,good
152,>=200,36.0,existing paid,5848.0,1<=X<4,male single,none,1.0,car,24.0,own,1.0,skilled,1.0,none,yes,good
153,0<=X<200,24.0,critical/other existing credit,7758.0,>=7,female div/dep/mar,none,4.0,no known property,29.0,rent,1.0,skilled,1.0,none,yes,good
154,0<=X<200,24.0,delayed previously,6967.0,4<=X<7,male single,none,4.0,car,36.0,rent,1.0,high qualif/self emp/mgmt,1.0,yes,yes,good
155,<0,12.0,existing paid,1282.0,1<=X<4,female div/dep/mar,none,4.0,car,20.0,rent,1.0,skilled,1.0,none,yes,bad
156,<0,9.0,critical/other existing credit,1288.0,>=7,male single,guarantor,4.0,real estate,48.0,own,2.0,skilled,2.0,none,no,good
157,<0,12.0,all paid,339.0,>=7,male mar/wid,none,1.0,car,45.0,own,1.0,unskilled resident,1.0,none,yes,good
158,0<=X<200,24.0,existing paid,3512.0,4<=X<7,male single,none,3.0,car,38.0,own,2.0,skilled,1.0,yes,yes,good
159,no checking,6.0,critical/other existing credit,1898.0,1<=X<4,male single,none,2.0,real estate,34.0,own,2.0,unskilled resident,2.0,none,yes,good
160,no checking,24.0,critical/other existing credit,2872.0,>=7,male single,none,4.0,real estate,36.0,own,1.0,skilled,2.0,yes,yes,good
161,no checking,18.0,critical/other existing credit,1055.0,<1,female div/dep/mar,none,1.0,life insurance,30.0,own,2.0,skilled,1.0,none,yes,good
162,no checking,15.0,existing paid,1262.0,4<=X<7,male single,none,3.0,life insurance,36.0,own,2.0,skilled,1.0,yes,yes,good
163,0<=X<200,10.0,existing paid,7308.0,unemployed,male single,none,4.0,no known property,70.0,for free,1.0,high qualif/self emp/mgmt,1.0,yes,yes,good
164,no checking,36.0,existing paid,909.0,>=7,male single,none,4.0,life insurance,36.0,own,1.0,skilled,1.0,none,yes,good
165,no checking,6.0,existing paid,2978.0,1<=X<4,male single,none,-1.0,car,32.0,own,1.0,skilled,1.0,yes,yes,good
166,<0,18.0,existing paid,1131.0,unemployed,female div/dep/mar,none,2.0,car,33.0,own,1.0,skilled,1.0,none,yes,bad
167,0<=X<200,11.0,existing paid,1577.0,<1,female div/dep/mar,none,1.0,real estate,20.0,own,1.0,skilled,1.0,none,yes,good
168,no checking,24.0,existing paid,3972.0,4<=X<7,female div/dep/mar,none,4.0,life insurance,25.0,rent,1.0,skilled,1.0,yes,yes,good
169,0<=X<200,24.0,critical/other existing credit,1935.0,>=7,male div/sep,none,4.0,real estate,31.0,own,2.0,skilled,1.0,yes,yes,bad
170,<0,15.0,no credits/all paid,950.0,>=7,male single,none,3.0,car,33.0,rent,2.0,skilled,2.0,none,yes,bad
171,no checking,12.0,existing paid,763.0,1<=X<4,female div/dep/mar,none,1.0,real estate,26.0,own,1.0,skilled,1.0,yes,yes,good
172,0<=X<200,24.0,delayed previously,2064.0,unemployed,female div/dep/mar,none,2.0,life insurance,34.0,own,1.0,high qualif/self emp/mgmt,1.0,yes,yes,bad
173,0<=X<200,8.0,existing paid,1414.0,1<=X<4,male single,guarantor,2.0,real estate,33.0,own,1.0,skilled,1.0,none,no,good
174,<0,21.0,delayed previously,3414.0,<1,male single,none,1.0,life insurance,26.0,own,2.0,skilled,1.0,none,yes,bad
175,no checking,30.0,all paid,7485.0,unemployed,female div/dep/mar,none,1.0,real estate,53.0,own,1.0,high qualif/self emp/mgmt,1.0,yes,yes,bad
176,<0,12.0,existing paid,2577.0,1<=X<4,male div/sep,none,1.0,car,42.0,own,1.0,skilled,1.0,none,yes,good
177,<0,6.0,critical/other existing credit,338.0,>=7,male single,none,4.0,car,52.0,own,2.0,skilled,1.0,none,yes,good
178,no checking,12.0,existing paid,1963.0,4<=X<7,male single,none,2.0,car,31.0,rent,2.0,high qualif/self emp/mgmt,2.0,yes,yes,good
179,<0,21.0,critical/other existing credit,571.0,>=7,male single,none,4.0,real estate,65.0,own,2.0,skilled,1.0,none,yes,good
180,no checking,36.0,delayed previously,9572.0,<1,male div/sep,none,1.0,car,28.0,own,2.0,skilled,1.0,none,yes,bad
181,0<=X<200,36.0,delayed previously,4455.0,1<=X<4,male div/sep,none,2.0,real estate,30.0,own,2.0,high qualif/self emp/mgmt,1.0,yes,yes,bad
182,<0,21.0,all paid,1647.0,1<=X<4,male single,none,2.0,life insurance,40.0,own,2.0,unskilled resident,2.0,none,yes,bad
183,no checking,24.0,critical/other existing credit,3777.0,1<=X<4,male single,none,4.0,real estate,50.0,own,1.0,skilled,1.0,yes,yes,good
184,0<=X<200,18.0,critical/other existing credit,884.0,>=7,male single,none,4.0,car,36.0,own,1.0,skilled,2.0,yes,yes,bad
185,no checking,15.0,critical/other existing credit,1360.0,1<=X<4,male single,none,2.0,life insurance,31.0,own,2.0,skilled,1.0,none,yes,good
186,0<=X<200,9.0,all paid,5129.0,>=7,female div/dep/mar,none,4.0,no known property,74.0,for free,1.0,high qualif/self emp/mgmt,2.0,yes,yes,bad
187,0<=X<200,16.0,critical/other existing credit,1175.0,unemployed,male single,none,3.0,car,68.0,for free,3.0,unemp/unskilled non res,1.0,yes,yes,good
188,<0,12.0,existing paid,674.0,4<=X<7,male mar/wid,none,1.0,life insurance,20.0,own,1.0,skilled,1.0,none,yes,bad
189,0<=X<200,18.0,no credits/all paid,3244.0,1<=X<4,female div/dep/mar,none,4.0,car,33.0,own,2.0,skilled,1.0,yes,yes,good
190,no checking,24.0,existing paid,4591.0,1<=X<4,male single,none,3.0,life insurance,54.0,own,3.0,high qualif/self emp/mgmt,1.0,yes,yes,bad
191,0<=X<200,48.0,no credits/all paid,3844.0,4<=X<7,male single,none,4.0,no known property,34.0,for free,1.0,unskilled resident,2.0,none,yes,bad
192,0<=X<200,27.0,existing paid,3915.0,1<=X<4,male single,none,2.0,car,36.0,own,1.0,skilled,2.0,yes,yes,bad
193,no checking,6.0,existing paid,2108.0,4<=X<7,male mar/wid,none,2.0,real estate,29.0,rent,1.0,skilled,1.0,none,yes,good
194,0<=X<200,45.0,existing paid,3031.0,1<=X<4,male single,guarantor,4.0,life insurance,21.0,rent,1.0,skilled,1.0,none,yes,bad
195,0<=X<200,9.0,critical/other existing credit,1501.0,>=7,female div/dep/mar,none,3.0,car,34.0,own,2.0,high qualif/self emp/mgmt,1.0,yes,yes,bad
196,no checking,6.0,critical/other existing credit,1382.0,1<=X<4,female div/dep/mar,none,1.0,car,28.0,own,2.0,skilled,1.0,yes,yes,good
197,0<=X<200,12.0,existing paid,951.0,<1,female div/dep/mar,none,4.0,car,27.0,rent,4.0,skilled,1.0,none,yes,bad
198,0<=X<200,24.0,existing paid,2760.0,>=7,male single,none,4.0,no known property,36.0,for free,1.0,skilled,1.0,yes,yes,good
199,0<=X<200,18.0,delayed previously,4297.0,>=7,male div/sep,none,-1.0,no known property,40.0,own,1.0,high qualif/self emp/mgmt,1.0,yes,yes,bad
200,no checking,9.0,critical/other existing credit,936.0,>=7,male single,none,2.0,car,52.0,own,2.0,skilled,1.0,yes,yes,good
201,<0,12.0,existing paid,1168.0,1<=X<4,male mar/wid,none,3.0,real estate,27.0,own,1.0,unskilled resident,1.0,none,yes,good
202,no checking,27.0,delayed previously,5117.0,4<=X<7,male single,none,4.0,car,26.0,own,2.0,skilled,1.0,none,yes,good
203,<0,12.0,existing paid,902.0,4<=X<7,male mar/wid,none,4.0,life insurance,21.0,rent,1.0,skilled,1.0,none,yes,bad
204,no checking,12.0,critical/other existing credit,1495.0,>=7,male single,none,1.0,real estate,38.0,own,2.0,unskilled resident,2.0,none,yes,good
205,<0,30.0,critical/other existing credit,10623.0,>=7,male single,none,4.0,no known property,38.0,for free,3.0,high qualif/self emp/mgmt,2.0,yes,yes,good
206,no checking,12.0,critical/other existing credit,1935.0,>=7,male single,none,4.0,real estate,43.0,own,3.0,skilled,1.0,yes,yes,good
207,0<=X<200,12.0,critical/other existing credit,1424.0,4<=X<7,male single,none,3.0,life insurance,26.0,own,1.0,skilled,1.0,none,yes,good
208,<0,24.0,existing paid,6568.0,1<=X<4,male mar/wid,none,2.0,car,21.0,own,1.0,unskilled resident,1.0,none,yes,good
209,no checking,12.0,existing paid,1413.0,4<=X<7,male single,none,2.0,life insurance,55.0,own,1.0,skilled,1.0,none,no,good
210,no checking,9.0,critical/other existing credit,3074.0,1<=X<4,male single,none,2.0,real estate,33.0,own,2.0,skilled,2.0,none,yes,good
211,no checking,36.0,existing paid,3835.0,>=7,female div/dep/mar,none,4.0,real estate,45.0,own,1.0,unskilled resident,1.0,yes,yes,good
212,<0,27.0,no credits/all paid,5293.0,unemployed,male single,none,4.0,life insurance,50.0,own,2.0,skilled,1.0,yes,yes,bad
213,>=200,30.0,delayed previously,1908.0,>=7,male single,none,4.0,real estate,66.0,own,1.0,high qualif/self emp/mgmt,1.0,yes,yes,bad
214,no checking,36.0,critical/other existing credit,3342.0,>=7,male single,none,2.0,car,51.0,own,1.0,skilled,1.0,yes,yes,good
215,0<=X<200,6.0,critical/other existing credit,932.0,4<=X<7,female div/dep/mar,none,3.0,life insurance,39.0,own,2.0,unskilled resident,1.0,none,yes,good
216,<0,18.0,no credits/all paid,3104.0,4<=X<7,male single,none,1.0,life insurance,31.0,own,1.0,skilled,1.0,yes,yes,good
217,>=200,36.0,existing paid,3913.0,1<=X<4,male single,none,2.0,real estate,23.0,own,1.0,skilled,1.0,yes,yes,good
218,<0,24.0,existing paid,3021.0,1<=X<4,male div/sep,none,2.0,real estate,24.0,rent,1.0,unskilled resident,1.0,none,yes,good
219,no checking,10.0,existing paid,1364.0,1<=X<4,female div/dep/mar,none,4.0,car,64.0,own,1.0,skilled,1.0,yes,yes,good
220,0<=X<200,12.0,existing paid,625.0,<1,male mar/wid,guarantor,1.0,real estate,26.0,own,1.0,unskilled resident,1.0,none,yes,good
221,<0,12.0,existing paid,1200.0,1<=X<4,female div/dep/mar,none,4.0,life insurance,23.0,rent,1.0,skilled,1.0,yes,yes,good
222,no checking,12.0,existing paid,707.0,1<=X<4,male single,none,2.0,real estate,30.0,own,2.0,skilled,1.0,none,yes,good
223,no checking,24.0,delayed previously,2978.0,1<=X<4,male single,none,4.0,real estate,32.0,own,2.0,skilled,2.0,yes,yes,good
224,no checking,15.0,existing paid,4657.0,1<=X<4,male single,none,2.0,car,30.0,own,1.0,skilled,1.0,yes,yes,good
225,no checking,36.0,no credits/all paid,2613.0,1<=X<4,male single,none,2.0,car,27.0,own,2.0,skilled,1.0,none,yes,good
226,0<=X<200,48.0,existing paid,10961.0,4<=X<7,male single,co applicant,2.0,no known property,27.0,own,2.0,skilled,1.0,yes,yes,bad
227,<0,12.0,existing paid,7865.0,>=7,male single,none,4.0,no known property,53.0,for free,1.0,high qualif/self emp/mgmt,1.0,yes,yes,bad
228,no checking,9.0,existing paid,1478.0,4<=X<7,male single,none,2.0,car,22.0,own,1.0,skilled,1.0,none,yes,bad
229,<0,24.0,existing paid,3149.0,<1,male single,none,1.0,no known property,22.0,for free,1.0,skilled,1.0,none,yes,good
230,>=200,36.0,existing paid,4210.0,1<=X<4,male single,none,2.0,car,26.0,own,1.0,skilled,1.0,none,yes,bad
231,no checking,9.0,existing paid,2507.0,>=7,male single,none,4.0,no known property,51.0,for free,1.0,unskilled resident,1.0,none,yes,good
232,no checking,12.0,existing paid,2141.0,4<=X<7,male single,none,1.0,no known property,35.0,own,1.0,skilled,1.0,none,yes,good
233,0<=X<200,18.0,existing paid,866.0,1<=X<4,male mar/wid,guarantor,2.0,real estate,25.0,own,1.0,unskilled resident,1.0,none,yes,good
234,no checking,4.0,critical/other existing credit,1544.0,4<=X<7,male single,none,1.0,real estate,42.0,own,3.0,unskilled resident,2.0,none,yes,good
235,<0,24.0,existing paid,1823.0,unemployed,male single,none,2.0,car,30.0,own,1.0,high qualif/self emp/mgmt,2.0,none,yes,bad
236,0<=X<200,6.0,existing paid,14555.0,unemployed,male single,none,2.0,life insurance,23.0,own,1.0,unemp/unskilled non res,1.0,yes,yes,bad
237,0<=X<200,21.0,existing paid,2767.0,>=7,male div/sep,none,2.0,car,61.0,rent,2.0,unskilled resident,1.0,none,yes,bad
238,no checking,12.0,critical/other existing credit,-999,1<=X<4,female div/dep/mar,none,2.0,life insurance,35.0,own,2.0,skilled,1.0,none,yes,good
239,<0,30.0,existing paid,2522.0,>=7,male single,guarantor,3.0,life insurance,39.0,own,1.0,skilled,2.0,none,yes,good
240,<0,24.0,existing paid,915.0,>=7,female div/dep/mar,none,2.0,car,29.0,own,1.0,skilled,1.0,none,yes,bad
241,no checking,6.0,existing paid,1595.0,4<=X<7,male single,none,2.0,life insurance,51.0,own,1.0,skilled,2.0,none,yes,good
242,<0,48.0,no credits/all paid,4605.0,>=7,male single,none,4.0,no known property,24.0,for free,2.0,skilled,2.0,none,yes,bad
243,no checking,12.0,critical/other existing credit,1185.0,1<=X<4,female div/dep/mar,none,2.0,real estate,27.0,own,2.0,skilled,1.0,none,yes,good
244,no checking,12.0,all paid,3447.0,1<=X<4,female div/dep/mar,none,3.0,real estate,35.0,own,1.0,unskilled resident,2.0,none,yes,good
245,no checking,24.0,existing paid,1258.0,4<=X<7,male single,none,1.0,real estate,25.0,own,1.0,skilled,1.0,yes,yes,good
246,no checking,12.0,critical/other existing credit,717.0,>=7,male single,none,4.0,real estate,52.0,own,3.0,skilled,1.0,none,yes,good
247,no checking,6.0,no credits/all paid,1204.0,1<=X<4,male single,none,1.0,no known property,35.0,rent,1.0,skilled,1.0,none,no,good
248,>=200,24.0,existing paid,1925.0,1<=X<4,male single,none,2.0,real estate,26.0,own,1.0,skilled,1.0,none,yes,good
249,no checking,18.0,existing paid,433.0,unemployed,female div/dep/mar,co applicant,4.0,real estate,22.0,rent,1.0,skilled,1.0,none,yes,bad
250,<0,6.0,critical/other existing credit,666.0,4<=X<7,female div/dep/mar,none,4.0,real estate,39.0,own,2.0,unskilled resident,1.0,yes,yes,good
251,>=200,12.0,existing paid,2251.0,1<=X<4,female div/dep/mar,none,2.0,car,46.0,own,1.0,unskilled resident,1.0,none,yes,good
252,0<=X<200,30.0,existing paid,2150.0,1<=X<4,female div/dep/mar,guarantor,2.0,no known property,24.0,own,1.0,skilled,1.0,none,yes,bad
253,no checking,24.0,delayed previously,4151.0,1<=X<4,male single,none,3.0,life insurance,35.0,own,2.0,skilled,1.0,none,yes,good
254,0<=X<200,9.0,existing paid,2030.0,4<=X<7,male single,none,1.0,car,24.0,own,1.0,skilled,1.0,yes,yes,good
255,0<=X<200,60.0,delayed previously,7418.0,1<=X<4,male single,none,1.0,real estate,27.0,own,1.0,unskilled resident,1.0,none,yes,good
256,no checking,24.0,critical/other existing credit,2684.0,1<=X<4,male single,none,2.0,real estate,35.0,own,2.0,unskilled resident,1.0,none,yes,good
257,<0,12.0,all paid,2149.0,1<=X<4,male div/sep,none,1.0,no known property,29.0,for free,1.0,skilled,1.0,none,yes,bad
258,no checking,15.0,existing paid,3812.0,<1,female div/dep/mar,none,4.0,car,23.0,own,1.0,skilled,1.0,yes,yes,good
259,no checking,11.0,critical/other existing credit,1154.0,unemployed,female div/dep/mar,none,4.0,real estate,57.0,own,3.0,unskilled resident,1.0,none,yes,good
260,<0,12.0,existing paid,1657.0,1<=X<4,male single,none,2.0,real estate,27.0,own,1.0,skilled,1.0,none,yes,good
261,<0,24.0,existing paid,1603.0,>=7,female div/dep/mar,none,4.0,car,55.0,own,1.0,skilled,1.0,none,yes,good
262,<0,18.0,critical/other existing credit,5302.0,>=7,male single,none,4.0,no known property,36.0,for free,3.0,high qualif/self emp/mgmt,1.0,yes,yes,good
263,no checking,12.0,critical/other existing credit,2748.0,>=7,female div/dep/mar,none,4.0,no known property,57.0,for free,3.0,unskilled resident,1.0,none,yes,good
264,no checking,10.0,critical/other existing credit,1231.0,>=7,male single,none,4.0,real estate,32.0,own,2.0,unskilled resident,2.0,none,no,good
265,0<=X<200,15.0,existing paid,802.0,>=7,male single,none,3.0,car,37.0,own,1.0,skilled,2.0,none,yes,bad
266,no checking,36.0,critical/other existing credit,6304.0,>=7,male single,none,4.0,real estate,36.0,own,2.0,skilled,1.0,none,yes,good
267,no checking,24.0,existing paid,1533.0,<1,female div/dep/mar,none,3.0,car,38.0,own,1.0,skilled,1.0,yes,yes,good
268,<0,14.0,existing paid,8978.0,>=7,male div/sep,none,4.0,life insurance,45.0,own,1.0,high qualif/self emp/mgmt,1.0,yes,no,bad
269,no checking,24.0,existing paid,999.0,>=7,male single,none,2.0,car,25.0,own,2.0,skilled,1.0,none,yes,good
270,no checking,18.0,existing paid,2662.0,4<=X<7,male single,none,3.0,life insurance,32.0,own,1.0,skilled,1.0,none,no,good
271,no checking,12.0,critical/other existing credit,1402.0,4<=X<7,female div/dep/mar,none,4.0,car,37.0,rent,1.0,skilled,1.0,yes,yes,good
272,0<=X<200,48.0,all paid,12169.0,unemployed,male single,co applicant,4.0,no known property,36.0,for free,1.0,high qualif/self emp/mgmt,1.0,yes,yes,good
273,0<=X<200,48.0,existing paid,3060.0,4<=X<7,male single,none,4.0,real estate,28.0,own,2.0,skilled,1.0,none,yes,bad
274,<0,30.0,existing paid,11998.0,<1,male div/sep,none,1.0,no known property,34.0,own,1.0,unskilled resident,1.0,yes,yes,bad
275,no checking,9.0,existing paid,2697.0,1<=X<4,male single,none,2.0,real estate,32.0,own,1.0,skilled,2.0,none,yes,good
276,no checking,18.0,critical/other existing credit,2404.0,1<=X<4,female div/dep/mar,none,-1.0,car,26.0,own,2.0,skilled,1.0,none,yes,good
277,<0,12.0,existing paid,-999,>=7,male div/sep,none,4.0,life insurance,49.0,own,1.0,unskilled resident,1.0,yes,yes,good
278,no checking,6.0,existing paid,4611.0,<1,female div/dep/mar,none,4.0,life insurance,32.0,own,1.0,skilled,1.0,none,yes,bad
279,no checking,24.0,existing paid,1901.0,1<=X<4,male single,none,4.0,car,29.0,rent,1.0,high qualif/self emp/mgmt,1.0,yes,yes,good
280,no checking,15.0,critical/other existing credit,3368.0,>=7,male single,none,4.0,no known property,23.0,rent,2.0,skilled,1.0,yes,yes,good
281,no checking,12.0,existing paid,1574.0,1<=X<4,male single,none,2.0,real estate,50.0,own,1.0,skilled,1.0,none,yes,good
282,>=200,18.0,all paid,1445.0,4<=X<7,male single,none,4.0,car,49.0,own,1.0,unskilled resident,1.0,none,yes,good
283,no checking,15.0,critical/other existing credit,1520.0,>=7,male single,none,4.0,life insurance,63.0,own,1.0,skilled,1.0,none,yes,good
284,0<=X<200,24.0,critical/other existing credit,3878.0,<1,male div/sep,none,2.0,car,37.0,own,1.0,skilled,1.0,yes,yes,good
285,<0,47.0,existing paid,10722.0,<1,female div/dep/mar,none,1.0,real estate,35.0,own,1.0,unskilled resident,1.0,yes,yes,good
286,<0,48.0,existing paid,4788.0,4<=X<7,male single,none,3.0,life insurance,26.0,own,1.0,skilled,2.0,none,yes,good
287,0<=X<200,48.0,delayed previously,7582.0,unemployed,male single,none,4.0,no known property,31.0,for free,1.0,high qualif/self emp/mgmt,1.0,yes,yes,good
288,0<=X<200,12.0,existing paid,1092.0,1<=X<4,female div/dep/mar,guarantor,4.0,real estate,49.0,own,2.0,skilled,1.0,yes,yes,good
289,<0,24.0,delayed previously,1024.0,<1,male mar/wid,none,4.0,real estate,48.0,own,1.0,skilled,1.0,none,yes,bad
290,no checking,12.0,existing paid,1076.0,1<=X<4,male mar/wid,none,2.0,real estate,26.0,own,1.0,skilled,1.0,yes,no,good
291,0<=X<200,36.0,existing paid,9398.0,<1,male mar/wid,none,4.0,car,28.0,rent,1.0,high qualif/self emp/mgmt,1.0,yes,yes,bad
292,<0,24.0,critical/other existing credit,6419.0,>=7,female div/dep/mar,none,4.0,no known property,44.0,for free,2.0,high qualif/self emp/mgmt,2.0,yes,yes,good
293,>=200,42.0,critical/other existing credit,4796.0,>=7,male single,none,4.0,no known property,56.0,for free,1.0,skilled,1.0,none,yes,good
294,no checking,48.0,critical/other existing credit,7629.0,>=7,male div/sep,none,2.0,car,46.0,own,2.0,high qualif/self emp/mgmt,2.0,none,yes,good
295,0<=X<200,48.0,existing paid,9960.0,<1,female div/dep/mar,none,2.0,car,26.0,own,1.0,skilled,1.0,yes,yes,bad
296,no checking,12.0,existing paid,4675.0,<1,female div/dep/mar,none,4.0,car,20.0,rent,1.0,skilled,1.0,none,yes,good
297,no checking,10.0,existing paid,1287.0,>=7,male single,co applicant,2.0,life insurance,45.0,own,1.0,unskilled resident,1.0,none,no,good
298,no checking,18.0,existing paid,2515.0,1<=X<4,male single,none,4.0,real estate,43.0,own,1.0,skilled,1.0,yes,yes,good
299,0<=X<200,21.0,critical/other existing credit,2745.0,4<=X<7,male single,none,2.0,car,32.0,own,2.0,skilled,1.0,yes,yes,good
300,no checking,6.0,existing paid,672.0,unemployed,female div/dep/mar,none,4.0,real estate,54.0,own,1.0,unemp/unskilled non res,1.0,yes,yes,good
301,0<=X<200,36.0,no credits/all paid,3804.0,1<=X<4,female div/dep/mar,none,1.0,car,42.0,own,1.0,skilled,1.0,yes,yes,bad
302,>=200,24.0,critical/other existing credit,1344.0,4<=X<7,male single,none,2.0,real estate,37.0,own,2.0,unskilled resident,2.0,none,yes,bad
303,<0,10.0,critical/other existing credit,1038.0,4<=X<7,male single,co applicant,3.0,life insurance,49.0,own,2.0,skilled,1.0,yes,yes,good
304,no checking,48.0,critical/other existing credit,10127.0,1<=X<4,male single,none,2.0,no known property,44.0,for free,1.0,skilled,1.0,none,yes,bad
305,no checking,6.0,existing paid,1543.0,1<=X<4,male div/sep,none,2.0,real estate,33.0,own,1.0,skilled,1.0,none,yes,good
306,no checking,30.0,existing paid,4811.0,4<=X<7,female div/dep/mar,none,4.0,life insurance,24.0,rent,1.0,unskilled resident,1.0,none,yes,good
307,<0,12.0,existing paid,-999,<1,male mar/wid,none,3.0,no known property,33.0,own,1.0,unskilled resident,1.0,yes,yes,bad
308,0<=X<200,8.0,existing paid,1237.0,1<=X<4,female div/dep/mar,none,4.0,real estate,24.0,own,1.0,skilled,1.0,none,yes,bad
309,0<=X<200,9.0,existing paid,276.0,1<=X<4,male mar/wid,none,-1.0,real estate,22.0,rent,1.0,unskilled resident,1.0,none,yes,good
310,0<=X<200,48.0,existing paid,5381.0,unemployed,male single,none,4.0,no known property,40.0,for free,1.0,unemp/unskilled non res,1.0,yes,yes,good
311,no checking,24.0,existing paid,5511.0,1<=X<4,male single,none,1.0,car,25.0,own,1.0,skilled,1.0,none,yes,good
312,>=200,24.0,existing paid,3749.0,<1,female div/dep/mar,none,4.0,car,26.0,own,1.0,skilled,1.0,none,yes,good
313,0<=X<200,12.0,existing paid,685.0,4<=X<7,male mar/wid,none,3.0,car,25.0,own,1.0,unskilled resident,1.0,none,yes,bad
314,>=200,4.0,existing paid,1494.0,<1,male single,none,2.0,real estate,29.0,own,1.0,unskilled resident,2.0,none,no,good
315,<0,36.0,all paid,2746.0,>=7,male single,none,4.0,car,31.0,own,1.0,skilled,1.0,none,yes,bad
316,<0,12.0,existing paid,708.0,1<=X<4,male single,guarantor,3.0,life insurance,38.0,own,1.0,unskilled resident,2.0,none,yes,good
317,0<=X<200,24.0,existing paid,4351.0,1<=X<4,female div/dep/mar,none,4.0,life insurance,48.0,own,1.0,unskilled resident,1.0,yes,yes,good
318,no checking,12.0,critical/other existing credit,701.0,1<=X<4,male single,none,2.0,car,32.0,own,2.0,skilled,1.0,none,yes,good
319,<0,15.0,delayed previously,3643.0,>=7,female div/dep/mar,none,4.0,life insurance,27.0,own,2.0,unskilled resident,1.0,none,yes,good
320,0<=X<200,30.0,critical/other existing credit,4249.0,unemployed,male mar/wid,none,2.0,car,28.0,own,2.0,high qualif/self emp/mgmt,1.0,none,yes,bad
321,<0,24.0,existing paid,1938.0,<1,male div/sep,none,3.0,life insurance,32.0,own,1.0,skilled,1.0,none,yes,bad
322,<0,24.0,existing paid,2910.0,4<=X<7,male single,none,1.0,no known property,34.0,for free,1.0,high qualif/self emp/mgmt,1.0,yes,yes,good
323,<0,18.0,existing paid,2659.0,1<=X<4,male single,none,2.0,car,28.0,own,1.0,skilled,1.0,none,yes,good
324,no checking,18.0,critical/other existing credit,1028.0,1<=X<4,female div/dep/mar,none,3.0,real estate,36.0,own,2.0,skilled,1.0,none,yes,good
325,<0,8.0,critical/other existing credit,3398.0,4<=X<7,male single,none,4.0,real estate,39.0,own,2.0,unskilled resident,1.0,none,no,good
326,no checking,12.0,critical/other existing credit,5801.0,>=7,male single,none,4.0,life insurance,49.0,rent,1.0,skilled,1.0,yes,yes,good
327,no checking,24.0,existing paid,1525.0,4<=X<7,female div/dep/mar,none,3.0,car,34.0,own,1.0,skilled,2.0,yes,yes,good
328,>=200,36.0,existing paid,4473.0,>=7,male single,none,2.0,car,31.0,own,1.0,skilled,1.0,none,yes,good
329,0<=X<200,6.0,existing paid,1068.0,>=7,male single,none,4.0,car,28.0,own,1.0,skilled,2.0,none,yes,good
330,<0,24.0,critical/other existing credit,6615.0,unemployed,male single,none,4.0,no known property,75.0,for free,2.0,high qualif/self emp/mgmt,1.0,yes,yes,good
331,no checking,18.0,critical/other existing credit,1864.0,1<=X<4,female div/dep/mar,none,2.0,real estate,30.0,own,2.0,skilled,1.0,none,yes,bad
332,0<=X<200,60.0,existing paid,7408.0,<1,female div/dep/mar,none,2.0,life insurance,24.0,own,1.0,high qualif/self emp/mgmt,1.0,none,yes,bad
333,no checking,48.0,critical/other existing credit,11590.0,1<=X<4,female div/dep/mar,none,4.0,car,24.0,rent,2.0,unskilled resident,1.0,none,yes,bad
334,<0,24.0,no credits/all paid,4110.0,>=7,male single,none,4.0,no known property,23.0,rent,2.0,skilled,2.0,none,yes,bad
335,<0,6.0,critical/other existing credit,3384.0,1<=X<4,male div/sep,none,4.0,real estate,44.0,rent,1.0,high qualif/self emp/mgmt,1.0,yes,yes,bad
336,0<=X<200,13.0,existing paid,2101.0,<1,female div/dep/mar,guarantor,4.0,life insurance,23.0,own,1.0,unskilled resident,1.0,none,yes,good
337,<0,15.0,existing paid,1275.0,1<=X<4,female div/dep/mar,none,2.0,car,24.0,rent,1.0,skilled,1.0,none,yes,bad
338,<0,24.0,existing paid,4169.0,1<=X<4,male single,none,4.0,life insurance,28.0,own,1.0,skilled,1.0,none,yes,good
339,0<=X<200,10.0,existing paid,1521.0,1<=X<4,male div/sep,none,2.0,car,31.0,own,1.0,unskilled resident,1.0,none,yes,good
340,0<=X<200,24.0,critical/other existing credit,5743.0,<1,female div/dep/mar,none,4.0,no known property,24.0,for free,2.0,skilled,1.0,yes,yes,good
341,<0,21.0,existing paid,3599.0,4<=X<7,female div/dep/mar,none,4.0,car,26.0,rent,1.0,unskilled resident,1.0,none,yes,good
342,0<=X<200,18.0,existing paid,3213.0,<1,male mar/wid,none,3.0,real estate,25.0,rent,1.0,skilled,1.0,none,yes,good
343,0<=X<200,18.0,existing paid,4439.0,>=7,male single,co applicant,1.0,real estate,33.0,own,1.0,high qualif/self emp/mgmt,1.0,yes,yes,good
344,>=200,10.0,existing paid,3949.0,<1,male single,guarantor,1.0,life insurance,37.0,own,1.0,unskilled resident,2.0,none,yes,good
345,no checking,15.0,critical/other existing credit,1459.0,1<=X<4,female div/dep/mar,none,2.0,car,43.0,own,1.0,unskilled resident,1.0,none,yes,good
346,0<=X<200,13.0,critical/other existing credit,882.0,<1,male single,guarantor,4.0,real estate,23.0,own,2.0,skilled,1.0,none,yes,good
347,0<=X<200,24.0,existing paid,3758.0,unemployed,female div/dep/mar,none,4.0,no known property,23.0,rent,1.0,unemp/unskilled non res,1.0,none,yes,good
348,no checking,6.0,delayed previously,1743.0,1<=X<4,male single,none,2.0,real estate,34.0,own,2.0,unskilled resident,1.0,none,yes,good
349,0<=X<200,9.0,critical/other existing credit,1136.0,>=7,male single,none,3.0,no known property,32.0,for free,2.0,skilled,2.0,none,yes,bad
350,no checking,9.0,existing paid,1236.0,<1,female div/dep/mar,none,4.0,real estate,23.0,rent,1.0,skilled,1.0,yes,yes,good
351,0<=X<200,9.0,existing paid,959.0,1<=X<4,female div/dep/mar,none,2.0,car,29.0,own,1.0,skilled,1.0,none,no,bad
352,no checking,18.0,critical/other existing credit,3229.0,unemployed,male single,none,4.0,no known property,38.0,own,1.0,high qualif/self emp/mgmt,1.0,yes,yes,good
353,<0,12.0,no credits/all paid,6199.0,1<=X<4,male single,none,2.0,life insurance,28.0,rent,2.0,skilled,1.0,yes,yes,bad
354,no checking,10.0,existing paid,727.0,>=7,male single,none,4.0,no known property,46.0,for free,1.0,skilled,1.0,yes,yes,good
355,0<=X<200,24.0,existing paid,-999,<1,male single,none,2.0,real estate,23.0,own,1.0,unskilled resident,1.0,none,yes,bad
356,no checking,12.0,critical/other existing credit,2331.0,>=7,male single,co applicant,4.0,real estate,49.0,own,1.0,skilled,1.0,yes,yes,good
357,no checking,36.0,delayed previously,4463.0,1<=X<4,male single,none,2.0,car,26.0,own,2.0,high qualif/self emp/mgmt,1.0,yes,yes,bad
358,no checking,12.0,existing paid,776.0,1<=X<4,male mar/wid,none,2.0,real estate,28.0,own,1.0,skilled,1.0,none,yes,good
359,<0,30.0,existing paid,2406.0,4<=X<7,female div/dep/mar,none,4.0,real estate,23.0,rent,1.0,skilled,1.0,none,yes,bad
360,0<=X<200,18.0,existing paid,1239.0,1<=X<4,male single,none,4.0,no known property,61.0,for free,1.0,skilled,1.0,none,yes,good
361,>=200,12.0,existing paid,3399.0,>=7,male single,none,3.0,car,37.0,own,1.0,high qualif/self emp/mgmt,1.0,none,yes,good
362,>=200,12.0,delayed previously,2247.0,1<=X<4,female div/dep/mar,none,2.0,car,36.0,own,2.0,skilled,1.0,yes,yes,good
363,no checking,6.0,existing paid,1766.0,1<=X<4,male mar/wid,none,2.0,life insurance,21.0,rent,1.0,skilled,1.0,none,yes,good
364,<0,18.0,existing paid,2473.0,unemployed,male single,none,1.0,car,25.0,own,1.0,unemp/unskilled non res,1.0,none,yes,bad
365,no checking,12.0,existing paid,1542.0,4<=X<7,male single,none,4.0,car,36.0,own,1.0,skilled,1.0,yes,yes,good
366,no checking,18.0,critical/other existing credit,3850.0,4<=X<7,male single,none,1.0,car,27.0,own,2.0,skilled,1.0,none,yes,good
367,<0,18.0,existing paid,3650.0,<1,female div/dep/mar,none,4.0,car,22.0,rent,1.0,skilled,1.0,none,yes,good
368,<0,36.0,existing paid,3446.0,>=7,male single,none,2.0,car,42.0,own,1.0,skilled,2.0,none,yes,bad
369,0<=X<200,18.0,existing paid,3001.0,4<=X<7,female div/dep/mar,none,4.0,real estate,40.0,rent,1.0,skilled,1.0,none,yes,good
370,no checking,36.0,existing paid,3079.0,1<=X<4,male single,none,4.0,real estate,36.0,own,1.0,skilled,1.0,none,yes,good
371,no checking,18.0,critical/other existing credit,6070.0,>=7,male single,none,4.0,car,33.0,own,2.0,skilled,1.0,yes,yes,good
372,no checking,10.0,critical/other existing credit,2146.0,<1,female div/dep/mar,none,3.0,real estate,23.0,rent,2.0,skilled,1.0,none,yes,good
373,no checking,60.0,critical/other existing credit,13756.0,>=7,male single,none,4.0,no known property,63.0,for free,1.0,high qualif/self emp/mgmt,1.0,yes,yes,good
374,0<=X<200,60.0,all paid,14782.0,>=7,female div/dep/mar,none,4.0,no known property,60.0,for free,2.0,high qualif/self emp/mgmt,1.0,yes,yes,bad
375,<0,48.0,all paid,7685.0,4<=X<7,female div/dep/mar,guarantor,4.0,car,37.0,rent,1.0,skilled,1.0,none,yes,bad
376,no checking,18.0,delayed previously,2320.0,unemployed,male mar/wid,none,3.0,real estate,34.0,own,2.0,skilled,1.0,none,yes,good
377,no checking,7.0,delayed previously,846.0,>=7,male single,none,4.0,no known property,36.0,for free,1.0,skilled,1.0,none,yes,good
378,0<=X<200,36.0,existing paid,14318.0,>=7,male single,none,2.0,no known property,57.0,for free,1.0,high qualif/self emp/mgmt,1.0,yes,yes,bad
379,no checking,6.0,critical/other existing credit,362.0,1<=X<4,female div/dep/mar,none,4.0,car,52.0,own,2.0,unskilled resident,1.0,none,yes,good
380,<0,20.0,existing paid,2212.0,4<=X<7,male single,none,4.0,car,39.0,own,1.0,skilled,1.0,yes,yes,good
381,0<=X<200,18.0,existing paid,12976.0,unemployed,female div/dep/mar,none,4.0,no known property,38.0,for free,1.0,high qualif/self emp/mgmt,1.0,yes,yes,bad
382,no checking,22.0,existing paid,1283.0,4<=X<7,female div/dep/mar,none,4.0,life insurance,25.0,rent,1.0,skilled,1.0,none,yes,good
383,>=200,12.0,existing paid,1330.0,<1,male single,none,1.0,real estate,26.0,own,1.0,skilled,1.0,none,yes,good
384,no checking,30.0,delayed previously,4272.0,1<=X<4,male single,none,2.0,life insurance,26.0,own,2.0,unskilled resident,1.0,none,yes,good
385,no checking,18.0,critical/other existing credit,2238.0,1<=X<4,female div/dep/mar,none,1.0,car,25.0,own,2.0,skilled,1.0,none,yes,good
386,no checking,18.0,existing paid,1126.0,<1,female div/dep/mar,none,2.0,real estate,21.0,rent,1.0,skilled,1.0,yes,yes,good
387,0<=X<200,18.0,critical/other existing credit,7374.0,unemployed,male single,none,4.0,life insurance,40.0,own,2.0,high qualif/self emp/mgmt,1.0,yes,yes,good
388,0<=X<200,15.0,critical/other existing credit,2326.0,1<=X<4,male single,none,4.0,car,27.0,own,1.0,skilled,1.0,none,yes,good
389,no checking,9.0,existing paid,1449.0,4<=X<7,female div/dep/mar,none,2.0,car,27.0,own,2.0,skilled,1.0,none,yes,good
390,no checking,18.0,existing paid,1820.0,1<=X<4,male mar/wid,none,2.0,life insurance,30.0,own,1.0,high qualif/self emp/mgmt,1.0,yes,yes,good
391,0<=X<200,12.0,existing paid,983.0,<1,female div/dep/mar,none,4.0,real estate,19.0,rent,1.0,unskilled resident,1.0,none,yes,good
392,<0,36.0,existing paid,3249.0,4<=X<7,male single,none,4.0,no known property,39.0,for free,1.0,high qualif/self emp/mgmt,2.0,yes,yes,good
393,<0,6.0,critical/other existing credit,1957.0,4<=X<7,female div/dep/mar,none,4.0,car,31.0,own,1.0,skilled,1.0,none,yes,good
394,no checking,9.0,critical/other existing credit,2406.0,unemployed,male single,none,3.0,car,31.0,own,1.0,high qualif/self emp/mgmt,1.0,none,yes,good
395,0<=X<200,39.0,delayed previously,11760.0,4<=X<7,male single,none,3.0,no known property,32.0,rent,1.0,skilled,1.0,yes,yes,good
396,<0,12.0,existing paid,2578.0,unemployed,female div/dep/mar,none,4.0,no known property,55.0,for free,1.0,high qualif/self emp/mgmt,1.0,none,yes,good
397,<0,36.0,critical/other existing credit,2348.0,1<=X<4,male mar/wid,none,2.0,life insurance,46.0,own,2.0,skilled,1.0,yes,yes,good
398,0<=X<200,12.0,existing paid,1223.0,>=7,male div/sep,none,1.0,real estate,46.0,rent,2.0,skilled,1.0,none,yes,bad
399,no checking,24.0,critical/other existing credit,1516.0,1<=X<4,female div/dep/mar,none,1.0,real estate,43.0,own,2.0,unskilled resident,1.0,none,yes,good
400,no checking,18.0,existing paid,1473.0,<1,male mar/wid,none,4.0,real estate,39.0,own,1.0,skilled,1.0,yes,yes,good
401,0<=X<200,18.0,critical/other existing credit,1887.0,1<=X<4,male mar/wid,none,4.0,real estate,28.0,own,2.0,skilled,1.0,none,yes,good
402,no checking,24.0,delayed previously,8648.0,<1,male single,none,2.0,car,27.0,own,2.0,skilled,1.0,yes,yes,bad
403,no checking,14.0,delayed previously,802.0,1<=X<4,male single,none,2.0,car,27.0,own,2.0,unskilled resident,1.0,none,yes,good
404,0<=X<200,18.0,delayed previously,2899.0,>=7,male single,none,4.0,car,43.0,own,1.0,skilled,2.0,none,yes,good
405,0<=X<200,24.0,existing paid,2039.0,<1,male mar/wid,none,1.0,life insurance,22.0,own,1.0,skilled,1.0,yes,yes,bad
406,no checking,24.0,critical/other existing credit,2197.0,4<=X<7,male single,none,4.0,car,43.0,own,2.0,skilled,2.0,yes,yes,good
407,<0,15.0,existing paid,1053.0,<1,male mar/wid,none,2.0,real estate,27.0,own,1.0,skilled,1.0,none,no,good
408,no checking,24.0,existing paid,3235.0,>=7,male div/sep,none,2.0,car,26.0,own,1.0,high qualif/self emp/mgmt,1.0,yes,yes,good
409,>=200,12.0,critical/other existing credit,939.0,4<=X<7,male mar/wid,none,2.0,real estate,28.0,own,3.0,skilled,1.0,yes,yes,bad
410,0<=X<200,24.0,existing paid,1967.0,>=7,female div/dep/mar,none,4.0,car,20.0,own,1.0,skilled,1.0,yes,yes,good
411,no checking,33.0,critical/other existing credit,7253.0,4<=X<7,male single,none,2.0,car,35.0,own,2.0,high qualif/self emp/mgmt,1.0,yes,yes,good
412,no checking,12.0,critical/other existing credit,2292.0,unemployed,male single,none,2.0,car,42.0,own,2.0,high qualif/self emp/mgmt,1.0,yes,yes,bad
413,no checking,10.0,existing paid,1597.0,1<=X<4,male single,none,2.0,no known property,40.0,rent,1.0,unskilled resident,2.0,none,no,good
414,<0,24.0,existing paid,1381.0,1<=X<4,female div/dep/mar,none,2.0,life insurance,35.0,own,1.0,skilled,1.0,none,yes,bad
415,no checking,36.0,critical/other existing credit,5842.0,>=7,male single,none,2.0,life insurance,35.0,own,2.0,skilled,2.0,yes,yes,good
416,<0,12.0,existing paid,2579.0,<1,male single,none,1.0,real estate,33.0,own,1.0,unskilled resident,2.0,none,yes,bad
417,<0,18.0,delayed previously,8471.0,1<=X<4,female div/dep/mar,none,2.0,car,23.0,rent,2.0,skilled,1.0,yes,yes,good
418,no checking,21.0,existing paid,2782.0,4<=X<7,female div/dep/mar,none,2.0,car,31.0,own,1.0,high qualif/self emp/mgmt,1.0,none,yes,good
419,0<=X<200,18.0,existing paid,1042.0,1<=X<4,female div/dep/mar,none,2.0,life insurance,33.0,own,1.0,skilled,1.0,none,yes,bad
420,no checking,15.0,existing paid,3186.0,4<=X<7,female div/dep/mar,none,3.0,car,20.0,rent,1.0,skilled,1.0,none,yes,good
421,0<=X<200,12.0,existing paid,2028.0,1<=X<4,male single,none,2.0,car,30.0,own,1.0,skilled,1.0,none,yes,good
422,0<=X<200,12.0,critical/other existing credit,958.0,4<=X<7,male single,none,3.0,real estate,47.0,own,2.0,unskilled resident,2.0,none,yes,good
423,no checking,21.0,delayed previously,1591.0,4<=X<7,male single,none,3.0,real estate,34.0,own,2.0,high qualif/self emp/mgmt,1.0,none,yes,good
424,0<=X<200,12.0,existing paid,2762.0,>=7,female div/dep/mar,none,2.0,life insurance,25.0,own,1.0,skilled,1.0,yes,yes,bad
425,0<=X<200,18.0,existing paid,2779.0,1<=X<4,male mar/wid,none,3.0,car,21.0,rent,1.0,skilled,1.0,yes,yes,good
426,no checking,28.0,critical/other existing credit,2743.0,>=7,male single,none,2.0,car,29.0,own,2.0,skilled,1.0,none,yes,good
427,no checking,18.0,critical/other existing credit,1149.0,1<=X<4,male single,none,3.0,real estate,46.0,own,2.0,skilled,1.0,none,yes,good
428,no checking,9.0,existing paid,1313.0,>=7,male single,none,4.0,car,20.0,own,1.0,skilled,1.0,none,yes,good
429,<0,18.0,critical/other existing credit,1190.0,unemployed,female div/dep/mar,none,4.0,no known property,55.0,for free,3.0,unemp/unskilled non res,2.0,none,yes,bad
430,no checking,5.0,existing paid,3448.0,4<=X<7,male single,none,4.0,real estate,74.0,own,1.0,unskilled resident,1.0,none,yes,good
431,0<=X<200,24.0,existing paid,11328.0,1<=X<4,male single,co applicant,3.0,car,29.0,own,2.0,high qualif/self emp/mgmt,1.0,yes,yes,bad
432,<0,6.0,critical/other existing credit,1872.0,unemployed,male single,none,4.0,no known property,36.0,for free,3.0,high qualif/self emp/mgmt,1.0,yes,yes,good
433,no checking,24.0,critical/other existing credit,2058.0,1<=X<4,male div/sep,none,2.0,real estate,33.0,own,2.0,skilled,1.0,yes,yes,good
434,<0,9.0,existing paid,2136.0,1<=X<4,male single,none,2.0,real estate,25.0,own,1.0,skilled,1.0,none,yes,good
435,0<=X<200,12.0,existing paid,1484.0,1<=X<4,male mar/wid,none,1.0,real estate,25.0,own,1.0,skilled,1.0,yes,yes,bad
436,no checking,6.0,existing paid,660.0,4<=X<7,male mar/wid,none,4.0,real estate,23.0,rent,1.0,unskilled resident,1.0,none,yes,good
437,no checking,24.0,critical/other existing credit,1287.0,>=7,female div/dep/mar,none,4.0,real estate,37.0,own,2.0,skilled,1.0,yes,yes,good
438,<0,42.0,critical/other existing credit,3394.0,unemployed,male single,co applicant,4.0,car,65.0,own,2.0,unemp/unskilled non res,1.0,none,yes,good
439,>=200,12.0,all paid,609.0,<1,female div/dep/mar,none,1.0,real estate,26.0,own,1.0,unemp/unskilled non res,1.0,none,yes,bad
440,no checking,12.0,existing paid,1884.0,>=7,male single,none,4.0,car,39.0,own,1.0,high qualif/self emp/mgmt,1.0,yes,yes,good
441,<0,12.0,existing paid,1620.0,1<=X<4,female div/dep/mar,co applicant,3.0,life insurance,30.0,own,1.0,skilled,1.0,none,yes,good
442,0<=X<200,20.0,delayed previously,2629.0,1<=X<4,male single,none,3.0,car,29.0,own,2.0,skilled,1.0,yes,yes,good
443,no checking,12.0,existing paid,719.0,>=7,male single,none,4.0,car,41.0,own,1.0,unskilled resident,2.0,none,yes,bad
444,0<=X<200,48.0,critical/other existing credit,5096.0,1<=X<4,female div/dep/mar,none,3.0,car,30.0,own,1.0,high qualif/self emp/mgmt,1.0,yes,yes,bad
445,no checking,9.0,critical/other existing credit,1244.0,>=7,female div/dep/mar,none,4.0,life insurance,41.0,rent,2.0,unskilled resident,1.0,none,yes,good
446,<0,36.0,existing paid,1842.0,<1,female div/dep/mar,none,4.0,car,34.0,own,1.0,skilled,1.0,yes,yes,bad
447,0<=X<200,7.0,existing paid,2576.0,1<=X<4,male single,guarantor,2.0,real estate,35.0,own,1.0,skilled,1.0,none,yes,good
448,>=200,12.0,existing paid,1424.0,>=7,female div/dep/mar,none,4.0,real estate,55.0,own,1.0,high qualif/self emp/mgmt,1.0,yes,yes,good
449,0<=X<200,15.0,delayed previously,1512.0,1<=X<4,male mar/wid,none,3.0,life insurance,61.0,own,2.0,skilled,1.0,none,yes,bad
450,no checking,36.0,critical/other existing credit,11054.0,1<=X<4,male single,none,2.0,car,30.0,own,1.0,high qualif/self emp/mgmt,1.0,yes,yes,good
451,no checking,6.0,existing paid,518.0,1<=X<4,female div/dep/mar,none,1.0,real estate,29.0,own,1.0,skilled,1.0,none,yes,good
452,no checking,12.0,no credits/all paid,2759.0,>=7,male single,none,4.0,life insurance,34.0,own,2.0,skilled,1.0,none,yes,good
453,no checking,24.0,existing paid,2670.0,>=7,male single,none,4.0,car,35.0,own,1.0,high qualif/self emp/mgmt,1.0,yes,yes,good
454,<0,24.0,existing paid,4817.0,4<=X<7,male single,co applicant,3.0,life insurance,31.0,own,1.0,skilled,1.0,yes,yes,bad
455,no checking,24.0,existing paid,2679.0,<1,female div/dep/mar,none,1.0,no known property,29.0,own,1.0,high qualif/self emp/mgmt,1.0,yes,yes,good
456,<0,11.0,critical/other existing credit,3905.0,1<=X<4,male single,none,2.0,real estate,36.0,rent,2.0,skilled,2.0,none,yes,good
457,<0,12.0,existing paid,-999,>=7,male single,none,4.0,no known property,35.0,for free,1.0,skilled,1.0,yes,yes,bad
458,<0,6.0,existing paid,343.0,<1,female div/dep/mar,none,1.0,real estate,27.0,own,1.0,skilled,1.0,none,yes,good
459,no checking,18.0,existing paid,4594.0,<1,male single,none,2.0,car,32.0,own,1.0,skilled,1.0,yes,yes,good
460,<0,36.0,existing paid,3620.0,1<=X<4,male single,guarantor,2.0,life insurance,37.0,own,1.0,skilled,2.0,none,yes,good
461,<0,15.0,existing paid,1721.0,<1,male single,none,3.0,real estate,36.0,own,1.0,skilled,1.0,none,yes,good
462,0<=X<200,12.0,existing paid,3017.0,<1,female div/dep/mar,none,1.0,real estate,34.0,rent,1.0,high qualif/self emp/mgmt,1.0,none,yes,good
463,0<=X<200,12.0,existing paid,754.0,>=7,male single,none,4.0,life insurance,38.0,own,2.0,skilled,1.0,none,yes,good
464,no checking,18.0,existing paid,1950.0,4<=X<7,male single,none,1.0,car,34.0,own,2.0,skilled,1.0,yes,yes,good
465,<0,24.0,existing paid,2924.0,1<=X<4,male single,guarantor,4.0,no known property,63.0,own,1.0,skilled,2.0,yes,yes,good
466,<0,24.0,delayed previously,1659.0,<1,female div/dep/mar,none,2.0,car,29.0,rent,1.0,unskilled resident,1.0,yes,yes,bad
467,no checking,48.0,delayed previously,7238.0,>=7,male single,none,3.0,car,32.0,own,2.0,skilled,2.0,none,yes,good
468,no checking,33.0,delayed previously,2764.0,1<=X<4,female div/dep/mar,none,2.0,car,26.0,own,2.0,skilled,1.0,yes,yes,good
469,no checking,24.0,delayed previously,4679.0,4<=X<7,male single,none,3.0,car,35.0,own,2.0,unskilled resident,1.0,yes,yes,good
470,0<=X<200,24.0,existing paid,3092.0,<1,male mar/wid,none,2.0,car,22.0,rent,1.0,skilled,1.0,yes,yes,bad
471,<0,6.0,existing paid,448.0,<1,female div/dep/mar,none,4.0,life insurance,23.0,own,1.0,skilled,1.0,none,yes,bad
472,<0,9.0,existing paid,654.0,1<=X<4,male single,none,3.0,car,28.0,own,1.0,unskilled resident,1.0,none,yes,bad
473,no checking,6.0,existing paid,1238.0,unemployed,male single,none,4.0,life insurance,36.0,own,1.0,high qualif/self emp/mgmt,2.0,yes,yes,good
474,0<=X<200,18.0,critical/other existing credit,1245.0,1<=X<4,male mar/wid,none,2.0,car,33.0,own,1.0,skilled,1.0,none,yes,bad
475,<0,18.0,no credits/all paid,3114.0,<1,female div/dep/mar,none,4.0,life insurance,26.0,rent,1.0,skilled,1.0,none,yes,bad
476,no checking,39.0,existing paid,2569.0,1<=X<4,male single,none,4.0,car,24.0,own,1.0,skilled,1.0,none,yes,good
477,>=200,24.0,existing paid,5152.0,4<=X<7,male single,none,2.0,car,25.0,own,1.0,skilled,1.0,none,yes,good
478,0<=X<200,12.0,existing paid,1037.0,4<=X<7,male single,none,4.0,real estate,39.0,own,1.0,unskilled resident,1.0,none,yes,good
479,<0,15.0,critical/other existing credit,1478.0,>=7,male single,none,4.0,car,44.0,own,2.0,skilled,2.0,yes,yes,good
480,0<=X<200,12.0,critical/other existing credit,3573.0,1<=X<4,female div/dep/mar,none,1.0,real estate,23.0,own,1.0,unskilled resident,1.0,none,yes,good
481,0<=X<200,24.0,existing paid,1201.0,<1,male single,none,1.0,life insurance,26.0,own,1.0,skilled,1.0,none,yes,good
482,<0,30.0,existing paid,3622.0,>=7,female div/dep/mar,none,4.0,life insurance,57.0,rent,2.0,skilled,1.0,yes,yes,good
483,no checking,15.0,delayed previously,960.0,4<=X<7,female div/dep/mar,none,2.0,life insurance,30.0,own,2.0,skilled,1.0,none,yes,good
484,no checking,12.0,critical/other existing credit,1163.0,1<=X<4,male single,none,4.0,real estate,44.0,own,1.0,skilled,1.0,yes,yes,good
485,0<=X<200,6.0,delayed previously,1209.0,unemployed,male single,none,4.0,life insurance,47.0,own,1.0,high qualif/self emp/mgmt,1.0,yes,yes,bad
486,no checking,12.0,existing paid,3077.0,1<=X<4,male single,none,4.0,car,52.0,own,1.0,skilled,1.0,yes,yes,good
487,no checking,24.0,existing paid,3757.0,>=7,female div/dep/mar,co applicant,4.0,no known property,62.0,for free,1.0,skilled,1.0,yes,yes,good
488,no checking,10.0,existing paid,1418.0,1<=X<4,male single,none,2.0,real estate,35.0,rent,1.0,unskilled resident,1.0,none,no,good
489,no checking,6.0,existing paid,3518.0,1<=X<4,male single,guarantor,3.0,life insurance,26.0,rent,1.0,skilled,1.0,none,yes,good
490,no checking,12.0,critical/other existing credit,1934.0,>=7,male single,none,2.0,no known property,26.0,own,2.0,skilled,1.0,none,yes,good
491,0<=X<200,27.0,no credits/all paid,8318.0,>=7,female div/dep/mar,none,4.0,no known property,42.0,for free,2.0,high qualif/self emp/mgmt,1.0,yes,yes,bad
492,no checking,6.0,critical/other existing credit,1237.0,1<=X<4,female div/dep/mar,none,1.0,life insurance,27.0,own,2.0,skilled,1.0,none,yes,good
493,0<=X<200,6.0,existing paid,368.0,>=7,male single,none,4.0,life insurance,38.0,own,1.0,skilled,1.0,none,yes,good
494,<0,12.0,critical/other existing credit,2122.0,1<=X<4,male single,none,2.0,real estate,39.0,rent,2.0,unskilled resident,2.0,none,no,good
495,<0,24.0,existing paid,2996.0,1<=X<4,male mar/wid,none,4.0,car,20.0,own,1.0,skilled,1.0,none,yes,bad
496,0<=X<200,36.0,existing paid,-999,<1,male single,co applicant,1.0,no known property,29.0,rent,1.0,high qualif/self emp/mgmt,1.0,yes,yes,bad
497,no checking,24.0,critical/other existing credit,1585.0,4<=X<7,male single,none,3.0,life insurance,40.0,own,2.0,skilled,1.0,none,yes,good
498,0<=X<200,18.0,existing paid,1301.0,>=7,male mar/wid,guarantor,2.0,real estate,32.0,own,1.0,unskilled resident,1.0,none,yes,good
499,>=200,6.0,critical/other existing credit,1323.0,>=7,male div/sep,none,4.0,car,28.0,own,2.0,skilled,2.0,yes,yes,good
500,<0,24.0,existing paid,3123.0,<1,female div/dep/mar,none,1.0,life insurance,27.0,own,1.0,skilled,1.0,none,yes,bad